album,song
Nancy 10,Salamat
Nancy 10,Baddi Hada Hebbou
Nancy 10,Hobbak Bi Ye'wa
Nancy 10,Meshkeltak Alwahidi
Nancy 10,Hayda Ana
Nancy 10,Gayya Maak
Nancy 10,Ya Nas Goulouli
Nancy 10,Ma Te'tezer
Nancy 10,Aala Shanak
Nancy 10,Miye w khamsin
Nancy 10,Yama
Nancy 10,Hayat
Nancy 10,Hagat Khousousiya
Nancy 10,Aateb w Loum
Nancy 9 (Hassa Beek),Hassa Beek
Nancy 9 (Hassa Beek),Helm El Banat
Nancy 9 (Hassa Beek),Khamsa Farfasha
Nancy 9 (Hassa Beek),Albi Biyes'al Einy
Nancy 9 (Hassa Beek),Kharab Byoot
Nancy 9 (Hassa Beek),El Hob Zay El Watar
Nancy 9 (Hassa Beek),Keefak Bel Hob
Nancy 9 (Hassa Beek),W Maak
Nancy 9 (Hassa Beek),Mesh Enta
Nancy 9 (Hassa Beek),Zabbat W Khattat
Nancy 9 (Hassa Beek),Bel Sodfa
Nancy 9 (Hassa Beek),Ayi Hob W Ayi Gheera
Nancy 9 (Hassa Beek),Aam Betaala' Feek
Nancy 9 (Hassa Beek),Rooh Ya Shater
Nancy 8,Ma Tegi Hena
Nancy 8,Mouch Fara Ktir
Nancy 8,Men El Yawm
Nancy 8,Yalla
Nancy 8,Tisabeg El Rih
Nancy 8,Rahent Aleik
Nancy 8,Shou Hal Ossa
Nancy 8,Nam Bi Albi
Nancy 8,Etnen Souhab
Nancy 8,Ma Aw'edak Ma Ghir
Nancy 8,W Bkoun Jayi Wadeak
Nancy 8,Ba'a Koli Da
Nancy 8,Fakra Zaman
Nancy 8,Ya Khayen
Nancy 8,Bel Raha
Betfakar Fi Eih,Betfakar Fi Eih
Betfakar Fi Eih,Meen Dah Elly Nseik
Betfakar Fi Eih,Meen Gheiry Ana
Betfakar Fi Eih,Safer
Betfakar Fi Eih,Saharny Sahar
Betfakar Fi Eih,Baladeyat
Betfakar Fi Eih,Zaman Kan Andy Alb
Betfakar Fi Eih,Lamset Eid
Betfakar Fi Eih,Leya Haq
Betfakar Fi Eih,Ebn El Geran
Betfakar Fi Eih,Wana Ben Ideik
Betfakar Fi Eih,Khaffef Alaya
Betfakar Fi Eih,Mashy Haddy
Betfakar Fi Eih,Betegy Sertak
Super Nancy,Bo' Elkatkout
Super Nancy,Ya Banat
Super Nancy,Ba'ouse
Super Nancy,Sana Helwa
Super Nancy,Stohi
Super Nancy,Oulou Hela
Super Nancy,Wezz Aynak
Super Nancy,Adi Elbeida
Ya Tabtab Wa Dallaa,Ya Tabtab Wa Dallaa
Ya Tabtab Wa Dallaa,Ehsas Jdid
Ya Tabtab Wa Dallaa,Moegaba
Ya Tabtab Wa Dallaa,Moushtaka Lik
Ya Tabtab Wa Dallaa,Ana Yalli Bahebbak
Ya Tabtab Wa Dallaa,Ashtiki Menno
Ya Tabtab Wa Dallaa,Oul Hansaki
Ya Tabtab Wa Dallaa,Elli Kan
Ya Tabtab Wa Dallaa,Ya Si El Sayed
Ya Tabtab Wa Dallaa,Sabrak Alaya
Ya Tabtab Wa Dallaa,Law Dallalouni
Nancy 7,Eyni Aleyk
Nancy 7,T'akharet Shway
Nancy 7,Eyh Akhbar Nafseyitou
Nancy 7,Emta Hashoufak
Nancy 7,Ya Kothor
Nancy 7,Ok
Nancy 7,Fi Hagat
Nancy 7,Lessa Gaya A'oullou
Nancy 7,Belhadawa
Nancy 7,Min Elma Endou
Nancy 7,Eyh Elli Garali
Nancy 7,Kol Ma Teddi
Nancy 7,Assaad Allah Missak
Nancy 7,Sheikh El Shabab
Nancy 7,Bayaa W Shater
Nancy 7,Hkayat El Deni
Shakbat Shakabeet,Shakhbat Shakhabiet
Shakbat Shakabeet,Cart Shahn
Shakbat Shakabeet,Katkota
Shakbat Shakabeet,Resalh Ela Alaalam
Shakbat Shakabeet,Shater Shater
Shakbat Shakabeet,Eid Milad
Shakbat Shakabeet,Kollina
Shakbat Shakabeet,Asfour El Nono
Shakhbat Shakhabit,Shakhbat Shakhabit
Shakhbat Shakhabit,Kart Shahn
Shakhbat Shakhabit,Katkouta
Shakhbat Shakhabit,Risala Lel Aalam
Shakhbat Shakhabit,Shater
Shakhbat Shakhabit,Eid Milad
Shakhbat Shakhabit,Kollena
Shakhbat Shakhabit,Osfour El Nounou
Ya Tabtab,Ya Tabtab Wa Dallaa
Ya Tabtab,Ehsas Jdid
Ya Tabtab,Mogabah
Ya Tabtab,Moshtaga Leik
Ya Tabtab,Ana Yalli Bhebbak
Ya Tabtab,Ashteky Menno
Ya Tabtab,Oul Hansaki
Ya Tabtab,Elly Kan
Ya Tabtab,Yassi El Sayed
Ya Tabtab,Sabrak Alaya
Ya Tabtab,Law Dallalouny
Ah W Noss,Ah W Noss
Ah W Noss,Ana Leyh
Ah W Noss,Enta Eih
Ah W Noss,Sana Wara Sana
Ah W Noss,Lawn Oyounak
Ah W Noss,Baddalaa Aleyk
Ah W Noss,Taala Ya
Ah W Noss,Gayen Youaololi
Ah W Noss,Hobbak Liya
Ah W Noss,La Telom
Ah W Noss,Ool Tani Keda
Sheel Oyoonak Anni,Ananiyah
Sheel Oyoonak Anni,Moktanaa Heyk
Sheel Oyoonak Anni,Sheel Oyounak Anni
Sheel Oyoonak Anni,Kan Omri Ashra
Sheel Oyoonak Anni,Am Byesal Albi
Sheel Oyoonak Anni,Al Yady
Sheel Oyoonak Anni,Rah Ellak Keef
Mihtagalak,Mihtagalak
Mihtagalak,Moudhesh
Mihtagalak,Ana Aam Faker Feek
Mihtagalak,Akid Ya Hayati Aktar
Mihtagalak,Awal Sahra
Mihtagalak,Al Hob Teir
Mihtagalak,Ya Wad Ya Tkeel
يا عيد,يا عيد
Eish'ha B Afia,Eish'ha B Afia
Sah Sah,Sah Sah
Yetraba Ba Aazekoum,يتربى بعزكم
ياساتر (تتر مسلسل يوتيرن),ياساتر - تتر مسلسل يوتيرن
Aala Shanak (Bollywood Rework),Aala Shanak - Bollywood Rework
Amar Lekol Al Nass,Amar Lekol Al Nass
